id,first_name,last_name,email,gender,ip_address
1,Bud,Laffling,blaffling0@time.com,Male,
2,Willy,Limpenny,wlimpenny1@nps.gov,Bigender,71.122.254.61
3,Erda,Arnason,earnason2@tumblr.com,Female,195.117.172.201
4,Gretta,Demeza,gdemeza3@businessweek.com,Polygender,212.51.20.207
5,Deina,Melbourne,dmelbourne4@msu.edu,,149.15.55.200
6,Clayborne,MacQueen,cmacqueen5@hhs.gov,Male,172.171.29.20
7,Gar,Gosker,,Male,27.208.237.110
8,Bobby,Bagley,,Female,85.55.185.137
9,Chiquia,O'Roan,coroan8@engadget.com,Female,163.8.61.161
10,Gracie,Cayet,gcayet9@phpbb.com,Agender,43.189.207.208
11,Giacopo,Boobier,gboobiera@hc360.com,Male,28.242.119.160
12,Giustino,Juniper,gjuniperb@mozilla.com,Male,214.233.85.62
13,Sisely,Alsopp,salsoppc@disqus.com,Bigender,86.175.95.155
14,,Founds,kfoundsd@vk.com,Male,30.240.244.84
15,Lorri,Gockelen,lgockelene@howstuffworks.com,,73.196.33.244
16,Gennie,Tunnadine,gtunnadinef@furl.net,Female,133.228.186.209
17,Charlie,Leneve,cleneveg@mlb.com,Male,179.51.98.214
18,Husein,Oxtiby,hoxtibyh@census.gov,Male,222.130.225.20
19,Glennis,Zeal,gzeali@nytimes.com,,203.58.164.253
20,Cullan,,ccanetj@altervista.org,Male,208.206.155.46
21,Yves,Nevin,ynevink@eepurl.com,Polygender,116.223.125.230
22,Maye,Stangroom,mstangrooml@hatena.ne.jp,Female,221.159.78.115
23,Ray,Kleinert,,Male,1.57.242.108
24,Teodoro,Halgarth,,Male,6.117.159.252
25,Andeee,Brewood,abrewoodo@artisteer.com,Female,
26,Cherilynn,Streeting,cstreetingp@oaic.gov.au,Female,3.244.133.9
27,Adolphe,Leverington,aleveringtonq@slashdot.org,Male,168.242.189.55
28,Celestina,Cowgill,ccowgillr@wordpress.com,Genderfluid,170.73.120.26
29,Sharity,Cremen,scremens@google.com.br,Female,217.91.110.79
30,Alexandr,Pawlick,apawlickt@abc.net.au,Male,172.94.57.28
31,Melesa,Grenshiels,mgrenshielsu@netvibes.com,Female,240.179.111.50
32,Tore,Dannehl,tdannehlv@weibo.com,Male,
33,Karlyn,Fratson,kfratsonw@cafepress.com,,34.150.65.146
34,Elvera,McMonnies,emcmonniesx@mtv.com,Female,15.89.0.133
35,Meryl,Gerdts,mgerdtsy@123-reg.co.uk,Male,
36,Brandtr,Shellsheere,bshellsheerez@sitemeter.com,Male,
37,Adams,Riddell,ariddell10@bbc.co.uk,Male,130.129.194.244
38,,Skey,eskey11@fema.gov,Male,
39,Faun,Bradick,fbradick12@shutterfly.com,Female,154.206.242.228
40,Christie,Tillot,ctillot13@vinaora.com,Female,122.117.35.52
41,Alexandrina,,agianilli14@sogou.com,Female,27.177.162.245
42,Pancho,Ceaplen,pceaplen15@scientificamerican.com,Male,
43,Tommy,Cordner,tcordner16@tumblr.com,,207.35.102.145
44,Pancho,Tuft,ptuft17@meetup.com,Male,38.93.60.13
45,Nicolai,Binnie,nbinnie18@upenn.edu,Male,
46,Marisa,Nabarro,mnabarro19@slate.com,Female,48.67.130.103
47,Howie,McDugal,hmcdugal1a@umn.edu,Male,248.90.199.48
48,Keven,Guite,kguite1b@scribd.com,Male,181.207.64.166
49,Mitzi,Columbine,mcolumbine1c@pinterest.com,Polygender,137.16.248.243
50,Harlie,Hazelden,hhazelden1d@ebay.co.uk,Female,133.193.54.125
51,Catharina,Fance,cfance1e@rediff.com,Female,
52,Cleo,Minocchi,cminocchi1f@ebay.co.uk,Female,226.244.155.247
53,Jeffy,Smedley,jsmedley1g@yahoo.co.jp,Bigender,210.254.209.41
54,Filberte,Rogliero,frogliero1h@patch.com,Male,101.39.253.210
55,Friedrich,Dayce,fdayce1i@ocn.ne.jp,,53.218.111.96
56,Judye,Woodrow,jwoodrow1j@dyndns.org,Female,30.33.14.160
57,Carolin,McKomb,cmckomb1k@businesswire.com,Female,
58,Sherman,Coaker,scoaker1l@redcross.org,Male,223.95.194.140
59,Charlotta,Jessett,cjessett1m@ibm.com,Female,204.65.238.32
60,Graehme,Wanell,,Male,94.46.194.85
61,Janenna,Schwant,,Female,136.84.200.23
62,Skyler,Luchetti,sluchetti1p@booking.com,Male,154.152.237.163
63,Hedi,Grose,hgrose1q@oakley.com,Female,131.23.117.140
64,Leena,Fitzpatrick,lfitzpatrick1r@sun.com,Female,36.56.125.110
65,Jan,Lorroway,jlorroway1s@tuttocitta.it,Female,1.100.39.37
66,Dew,Mielnik,dmielnik1t@google.nl,Male,23.204.221.28
67,Gabriel,Batterton,gbatterton1u@samsung.com,Male,128.179.5.82
68,Trescha,Woolacott,twoolacott1v@printfriendly.com,,148.227.106.213
69,Keely,Fortye,kfortye1w@nature.com,Female,101.232.204.200
70,Shelby,Sphinxe,ssphinxe1x@adobe.com,Female,78.203.251.255
71,Ketti,Stearley,kstearley1y@washingtonpost.com,,
72,Essa,Cass,ecass1z@vkontakte.ru,Female,207.41.108.166
73,Maddie,Morgan,mmorgan20@sfgate.com,Male,245.255.189.157
74,Zulema,Dondon,,Female,246.72.213.29
75,Catlee,Hadlow,chadlow22@biblegateway.com,Genderfluid,125.48.9.227
76,Adria,Hammett,ahammett23@clickbank.net,Female,75.169.190.119
77,Aurel,Schoffel,aschoffel24@opera.com,Female,110.90.216.223
78,Ravi,Wessel,rwessel25@amazon.com,Male,136.231.89.182
79,Preston,Cowin,pcowin26@mapy.cz,Male,98.168.215.168
80,Blondell,Garvagh,bgarvagh27@ucsd.edu,Agender,
81,Cirillo,Inglefield,cinglefield28@dropbox.com,Male,138.44.194.104
82,Hali,Mailey,hmailey29@google.ca,,91.7.208.43
83,Abbot,O'Fairy,aofairy2a@who.int,Male,140.120.164.66
84,Robin,Bluck,rbluck2b@businessweek.com,Non-binary,
85,Berkly,Cordy,bcordy2c@bing.com,Male,
86,Xerxes,Grigg,xgrigg2d@dailymail.co.uk,Male,41.63.179.42
87,Mile,Farryann,mfarryann2e@arstechnica.com,Male,11.133.65.89
88,Carry,,chambelton2f@senate.gov,Female,134.41.97.206
89,Mureil,Kehoe,mkehoe2g@icq.com,Female,72.205.230.183
90,Fulvia,Bugler,fbugler2h@weather.com,Female,
91,Thomasina,Redmain,tredmain2i@drupal.org,Female,62.117.37.184
92,Berkly,Keson,bkeson2j@miitbeian.gov.cn,Male,154.218.73.198
93,Gabby,Hankins,ghankins2k@mac.com,Male,228.110.84.113
94,Rachael,Bark,rbark2l@i2i.jp,Female,93.254.157.180
95,Zacharias,Muffin,zmuffin2m@foxnews.com,Male,110.42.234.246
96,Waring,Syrad,,Male,56.201.23.5
97,Pansy,Hunton,phunton2o@cbslocal.com,Female,186.221.168.228
98,Abba,Bartholomieu,abartholomieu2p@census.gov,Male,236.44.166.29
99,,Rimour,hrimour2q@yelp.com,Non-binary,7.132.230.150
100,Janka,Kilfeder,jkilfeder2r@lycos.com,Female,251.20.55.97
101,Purcell,Shawyer,pshawyer2s@si.edu,Male,110.51.14.144
102,Felicdad,,fedling2t@w3.org,Female,239.204.97.157
103,Olia,O'Roan,ooroan2u@bing.com,Female,
104,Farley,Whitham,fwhitham2v@twitter.com,Male,83.246.89.159
105,Chancey,Girk,cgirk2w@amazon.com,Male,38.225.126.127
106,Mureil,Foulgham,mfoulgham2x@opensource.org,Female,147.242.180.147
107,Kermit,Howland,khowland2y@t-online.de,Male,
108,Cory,Denslow,cdenslow2z@army.mil,,175.93.34.154
109,Dorey,Sivills,dsivills30@reverbnation.com,,
110,Else,Keyzman,ekeyzman31@hao123.com,Female,97.236.85.118
111,Zorah,Sleightholme,zsleightholme32@qq.com,Bigender,232.219.71.236
112,Fransisco,Learoyd,flearoyd33@yelp.com,Male,235.36.198.201
113,Travers,Caven,tcaven34@exblog.jp,,19.218.15.174
114,Suzann,Faircliffe,sfaircliffe35@odnoklassniki.ru,Female,148.115.173.142
115,Wyndham,Menego,wmenego36@multiply.com,Male,97.31.206.114
116,Brinna,Minci,bminci37@technorati.com,Female,
117,Inger,Willarton,,Male,185.202.81.172
118,Grenville,Sellers,gsellers39@un.org,Polygender,181.232.138.49
119,Bernette,Nevill,bnevill3a@e-recht24.de,Female,4.168.45.177
120,Gustaf,Casley,gcasley3b@hatena.ne.jp,Male,84.198.186.38
121,Courtnay,Guirard,cguirard3c@google.de,Male,183.41.26.89
122,Herbie,Taffee,htaffee3d@vimeo.com,Male,12.34.62.154
123,,Watchorn,,Female,186.113.85.190
124,Kali,Gouldbourn,kgouldbourn3f@sciencedirect.com,Female,255.227.235.157
125,Elna,McAreavey,emcareavey3g@nbcnews.com,Genderqueer,108.247.207.237
126,Trish,Minchin,tminchin3h@jimdo.com,Female,106.173.109.131
127,Gale,Maxworthy,gmaxworthy3i@ibm.com,Bigender,186.154.7.191
128,Ellswerth,Balsdone,ebalsdone3j@phpbb.com,Male,5.205.219.56
129,,Scanes,mscanes3k@e-recht24.de,Polygender,110.252.179.158
130,Kacie,Farrant,kfarrant3l@bravesites.com,Agender,
131,Dana,Coffin,dcoffin3m@npr.org,,83.119.124.255
132,Lenka,Spanton,lspanton3n@google.pl,Female,
133,Quincy,Kinzel,qkinzel3o@scientificamerican.com,Male,101.116.215.65
134,Linnet,MacCaffrey,lmaccaffrey3p@51.la,Female,163.84.83.68
135,Alistair,Elvish,aelvish3q@howstuffworks.com,Male,153.187.7.212
136,Ashton,Leneham,aleneham3r@nationalgeographic.com,Male,118.217.65.102
137,Fairlie,Curran,fcurran3s@people.com.cn,,
138,Gabbey,Luto,gluto3t@dyndns.org,,169.127.225.102
139,Ansley,Twine,atwine3u@topsy.com,Female,
140,Slade,Rozea,srozea3v@sbwire.com,Male,135.141.23.72
141,Brandi,Horley,bhorley3w@trellian.com,Female,235.182.2.217
142,Antonetta,Styan,astyan3x@eepurl.com,Female,39.61.25.215
143,Patrizius,Joyes,pjoyes3y@nytimes.com,Male,138.135.214.148
144,Ailene,Beeze,abeeze3z@sourceforge.net,Female,152.212.181.99
145,,Vasenin,nvasenin40@fotki.com,Female,243.230.85.150
146,Yovonnda,Rowlin,yrowlin41@timesonline.co.uk,Female,164.116.92.171
147,Perla,Brinsford,pbrinsford42@apple.com,Female,60.1.184.255
148,Hillier,Teggart,hteggart43@techcrunch.com,Bigender,186.233.70.255
149,Barnett,Widmore,,Male,156.231.53.221
150,,Dunkerly,edunkerly45@pbs.org,Female,87.203.208.90
151,Rosalyn,Telling,rtelling46@bing.com,Female,174.162.242.77
152,Rossy,Shepheard,rshepheard47@xing.com,Male,239.222.5.199
153,Aliza,Verrier,averrier48@meetup.com,Female,
154,Kinnie,Busk,kbusk49@ucoz.ru,,88.221.147.61
155,Whittaker,Worsley,wworsley4a@disqus.com,Male,251.118.123.137
156,Boyce,Kroch,bkroch4b@pbs.org,Male,
157,Dov,McAlpine,dmcalpine4c@hugedomains.com,Male,227.247.69.246
158,Jillie,Dellit,jdellit4d@addtoany.com,Female,128.154.163.89
159,Ingar,Durman,idurman4e@home.pl,Male,42.215.37.39
160,Renell,Spurrier,,Female,90.107.109.102
161,Babita,Shadwick,bshadwick4g@imdb.com,Female,100.123.56.185
162,Kariotta,Bazley,kbazley4h@ucoz.com,Female,15.2.110.151
163,Foster,Finkle,ffinkle4i@xinhuanet.com,Bigender,136.215.87.46
164,Saxe,Bourhill,sbourhill4j@topsy.com,Male,62.196.127.195
165,Ericka,Sigg,esigg4k@edublogs.org,Female,74.212.204.66
166,Dorise,,dgarry4l@artisteer.com,Female,
167,Wallis,Matson,wmatson4m@phoca.cz,Male,215.34.11.223
168,Sophey,Crosswaite,scrosswaite4n@yahoo.co.jp,,4.207.218.69
169,Katerine,Huzzay,khuzzay4o@shutterfly.com,Female,194.238.224.21
170,,Urrey,burrey4p@oracle.com,Female,36.146.108.40
171,Rey,Hobgen,rhobgen4q@accuweather.com,Female,75.252.120.235
172,Alejandro,Aulsford,aaulsford4r@apache.org,Male,169.73.53.142
173,Filmore,Niblett,fniblett4s@yandex.ru,Male,240.236.34.177
174,,Feldklein,sfeldklein4t@japanpost.jp,Female,170.158.182.146
175,Tobe,Mollnar,tmollnar4u@angelfire.com,Female,1.225.167.17
176,Bartholomeus,Aleixo,baleixo4v@smugmug.com,Agender,59.228.47.24
177,Waiter,McDoual,wmcdoual4w@youtu.be,Male,21.59.104.245
178,Norris,Ivanenkov,nivanenkov4x@taobao.com,,186.250.176.110
179,Dietrich,Kunzler,dkunzler4y@nyu.edu,Male,223.19.132.224
180,Jard,Wace,jwace4z@people.com.cn,Male,183.219.14.158
181,Othilia,Limbert,olimbert50@paypal.com,Female,181.176.58.82
182,Torrie,Mathes,tmathes51@theatlantic.com,Female,126.254.151.110
183,Karine,Pelling,kpelling52@senate.gov,Female,94.214.234.165
184,Horatius,Agnolo,hagnolo53@histats.com,Male,103.183.60.96
185,,Denyukhin,mdenyukhin54@sbwire.com,Male,221.240.155.207
186,Alidia,Leser,aleser55@nbcnews.com,Female,107.173.227.53
187,Hettie,Dundridge,hdundridge56@japanpost.jp,Female,82.52.120.78
188,Thekla,Saleway,tsaleway57@un.org,,243.111.49.143
189,Tamas,Berzen,tberzen58@blogspot.com,Genderfluid,124.170.65.160
190,Barth,Serck,bserck59@chicagotribune.com,Male,149.43.242.197
191,Kathe,Czadla,kczadla5a@t.co,Female,97.160.196.155
192,Parry,Wrinch,pwrinch5b@so-net.ne.jp,Male,57.181.195.207
193,Doria,Nowell,dnowell5c@hubpages.com,Agender,70.71.135.75
194,Gene,Stigell,,Male,239.63.233.240
195,Emily,Houselee,ehouselee5e@mozilla.com,Female,251.199.179.204
196,Vonny,Philipard,vphilipard5f@linkedin.com,Female,165.51.65.59
197,Boris,Papierz,bpapierz5g@mapy.cz,Male,126.150.7.56
198,Dorisa,Meadley,dmeadley5h@feedburner.com,Female,245.128.247.218
199,Lilly,Hatfield,lhatfield5i@csmonitor.com,Female,218.6.168.50
200,Morey,Bautiste,mbautiste5j@princeton.edu,Male,165.30.164.222
201,Roze,Agdahl,ragdahl5k@accuweather.com,Agender,
202,Vladimir,Stoffel,vstoffel5l@shinystat.com,,5.16.249.231
203,Malina,Ribeiro,mribeiro5m@alexa.com,Female,80.115.126.201
204,Margarete,,mbathowe5n@squarespace.com,,90.174.209.104
205,Jamie,Ziebart,jziebart5o@washington.edu,,117.42.100.33
206,Roda,Callf,rcallf5p@state.gov,Female,189.84.66.129
207,Georgia,Sebire,gsebire5q@ow.ly,Non-binary,191.207.192.61
208,Sterne,Revie,srevie5r@gnu.org,Male,20.99.48.28
209,Gratiana,Surgey,gsurgey5s@washingtonpost.com,Female,41.111.138.18
210,Anetta,Stapele,astapele5t@wisc.edu,Genderfluid,107.192.184.59
211,Frederigo,Ebden,febden5u@aol.com,Male,193.71.42.135
212,Morena,,mlawrence5v@ezinearticles.com,Female,234.171.100.228
213,Maude,Lillo,mlillo5w@apple.com,Female,
214,Saraann,Bohey,sbohey5x@arstechnica.com,,136.99.112.21
215,Immanuel,Plan,iplan5y@pen.io,Male,243.33.197.210
216,Chryste,Frosch,cfrosch5z@addtoany.com,Female,101.48.20.131
217,Obie,,obearward60@engadget.com,Male,41.128.248.51
218,Nicolina,Sheryn,nsheryn61@japanpost.jp,Bigender,245.101.37.194
219,Anetta,Dalling,adalling62@rediff.com,Female,
220,Sally,Townes,stownes63@nyu.edu,Bigender,139.228.175.180
221,Nessi,Mazzey,nmazzey64@europa.eu,Female,
222,Ban,Learned,blearned65@dropbox.com,Male,183.205.112.48
223,,Orsay,vorsay66@ucsd.edu,,229.180.179.163
224,Eydie,Halpine,ehalpine67@nhs.uk,Female,236.32.175.114
225,,Fibben,,Male,199.99.57.56
226,Mariejeanne,Rumbellow,mrumbellow69@businesswire.com,Polygender,19.229.158.151
227,Guthrey,Coltman,gcoltman6a@ft.com,Male,133.113.131.124
228,Klara,Kornes,kkornes6b@geocities.jp,,136.137.84.186
229,Lorri,,lkubacek6c@chron.com,Genderfluid,137.117.130.131
230,Saidee,Ayres,sayres6d@cam.ac.uk,Female,
231,Lyn,Jaskowicz,ljaskowicz6e@hatena.ne.jp,Female,236.35.64.120
232,Kirby,Prescot,kprescot6f@ustream.tv,Male,164.92.191.172
233,Abey,Clawe,aclawe6g@statcounter.com,Male,147.103.128.190
234,Juliane,Ovitts,jovitts6h@shinystat.com,,229.97.238.18
235,Osbourn,Glassford,oglassford6i@meetup.com,Male,1.81.151.96
236,Linc,Wray,lwray6j@lulu.com,Bigender,81.230.238.203
237,Neale,Leyman,nleyman6k@lycos.com,,105.236.230.4
238,Demetri,Eitter,deitter6l@hhs.gov,Male,23.185.22.189
239,Rand,MacCurley,rmaccurley6m@blogtalkradio.com,Male,234.197.122.115
240,Myer,Oldaker,,Male,248.156.10.249
241,Buddie,Vousden,bvousden6o@goodreads.com,Male,58.177.98.58
242,Charis,Brightling,,Female,182.5.192.95
243,Neils,Odegaard,nodegaard6q@jalbum.net,Male,81.141.18.226
244,Delmor,O'Currane,docurrane6r@canalblog.com,Male,135.155.79.160
245,Remy,Claige,rclaige6s@histats.com,Female,
246,Xenia,Lutsch,xlutsch6t@imageshack.us,Non-binary,205.97.71.122
247,Karina,Brahms,kbrahms6u@theatlantic.com,Female,236.250.168.103
248,Rachel,Knotte,rknotte6v@deviantart.com,Female,252.23.175.183
249,Avictor,Marryatt,amarryatt6w@wufoo.com,Male,115.255.110.236
250,Karee,Alessandrelli,kalessandrelli6x@indiatimes.com,Female,200.35.82.81
251,Kellia,Gainsburgh,kgainsburgh6y@xrea.com,,212.122.23.21
252,Giffer,Urling,gurling6z@jalbum.net,Male,203.216.161.128
253,Marabel,Worgen,mworgen70@cyberchimps.com,Female,214.221.62.178
254,Zitella,Sycamore,zsycamore71@joomla.org,Agender,0.36.127.98
255,Alano,Giller,agiller72@odnoklassniki.ru,Male,228.223.246.247
256,Bethina,Ambroisin,bambroisin73@creativecommons.org,Female,133.153.248.54
257,Arabela,Harbour,aharbour74@tiny.cc,Female,81.200.116.165
258,Adolphus,Vause,avause75@g.co,Male,68.149.88.173
259,Matthus,,mpatey76@noaa.gov,Male,48.101.233.111
260,Nicolais,Blandford,nblandford77@gizmodo.com,Male,198.197.26.208
261,Britt,Scad,bscad78@joomla.org,Female,232.112.224.138
262,Taryn,Phillis,,Female,
263,Malchy,Pomfrey,mpomfrey7a@geocities.com,Male,242.177.109.170
264,Patrick,Presnail,ppresnail7b@hp.com,Male,31.148.26.0
265,Norene,Lisimore,nlisimore7c@springer.com,Female,238.187.83.104
266,Matthaeus,Whittock,mwhittock7d@deviantart.com,Male,127.194.130.149
267,Jere,Busen,jbusen7e@addtoany.com,Male,64.81.42.208
268,Sayres,Crinion,scrinion7f@hp.com,Male,148.144.67.28
269,Gertrude,Bate,gbate7g@cloudflare.com,,230.92.98.54
270,Francoise,Spikeings,fspikeings7h@npr.org,Female,10.87.125.119
271,Claretta,Baudouin,cbaudouin7i@statcounter.com,Female,36.64.39.184
272,Paola,Proud,pproud7j@newyorker.com,,248.44.26.59
273,Tremayne,Impett,timpett7k@blog.com,Male,205.137.211.217
274,Shawnee,Antosik,santosik7l@cdc.gov,Female,164.33.85.26
275,Garrott,McCerery,gmccerery7m@china.com.cn,Male,200.183.134.81
276,Lula,Clutheram,lclutheram7n@sciencedirect.com,Female,122.97.246.219
277,Frasco,Sibley,,Male,193.174.119.157
278,Eolanda,Ferrers,eferrers7p@amazon.co.jp,,
279,Shalne,,sscarrott7q@ibm.com,Female,251.175.164.41
280,Travus,Loverock,,Male,66.14.22.221
281,Teddy,Critcher,tcritcher7s@prlog.org,Male,220.229.100.208
282,Virgie,Wisson,vwisson7t@biblegateway.com,Female,50.71.249.4
283,Ruy,Storkes,rstorkes7u@businesswire.com,Male,53.213.103.200
284,Ericka,Ghiotto,eghiotto7v@shareasale.com,Female,193.163.160.4
285,Ronica,Hannaway,rhannaway7w@alexa.com,Genderqueer,125.225.198.127
286,Randell,Clampe,rclampe7x@theglobeandmail.com,Male,62.230.235.250
287,Garrik,Reckhouse,greckhouse7y@java.com,Male,70.67.185.218
288,,Owenson,vowenson7z@zdnet.com,Genderfluid,186.230.112.155
289,Viviyan,Stansbie,vstansbie80@trellian.com,Female,95.237.252.125
290,Heinrick,Metterick,hmetterick81@paypal.com,Male,177.95.62.198
291,Karoly,Dearman,kdearman82@ovh.net,Female,
292,Obie,Hendrichs,ohendrichs83@canalblog.com,Male,10.203.203.80
293,,Whibley,cwhibley84@ihg.com,Male,215.91.77.179
294,Jori,Depka,jdepka85@prnewswire.com,,
295,Ashby,Hulburt,ahulburt86@tamu.edu,Male,46.219.14.20
296,Sadye,,shanstock87@soup.io,Female,31.9.200.209
297,Pearla,Bulle,pbulle88@wired.com,Female,5.151.128.17
298,Ricky,Pinkett,rpinkett89@alibaba.com,Female,18.253.246.89
299,Mace,Degan,mdegan8a@kickstarter.com,Male,57.136.255.87
300,Derby,Netherwood,dnetherwood8b@instagram.com,Male,217.113.44.176
301,Iggy,Rydings,irydings8c@virginia.edu,,25.225.23.134
302,Callida,Shearn,cshearn8d@pcworld.com,Female,210.87.219.40
303,Yuri,Ogers,yogers8e@simplemachines.org,Male,183.97.20.111
304,Lorianne,Eley,leley8f@networksolutions.com,Genderfluid,181.146.118.203
305,Prince,O'Spellissey,pospellissey8g@adobe.com,Male,43.18.224.205
306,Glynda,Hiddsley,ghiddsley8h@google.pl,Genderfluid,70.136.109.143
307,Eryn,Dawkes,edawkes8i@gravatar.com,Female,154.100.100.80
308,Errick,Mulrenan,emulrenan8j@blogger.com,Male,141.120.66.252
309,Gloriane,Point,,Female,142.242.196.31
310,Clevey,Rekes,crekes8l@goo.ne.jp,Male,
311,Natty,Antley,nantley8m@tumblr.com,Male,196.142.241.163
312,Algernon,Balsdone,abalsdone8n@jimdo.com,Agender,60.68.214.197
313,Jen,Mimmack,,Female,59.213.137.131
314,Jase,Flett,jflett8p@jiathis.com,Male,177.96.11.96
315,Fey,Brookshaw,fbrookshaw8q@cpanel.net,Genderqueer,15.189.74.114
316,Peadar,Rains,prains8r@opensource.org,Male,153.113.64.62
317,Taddeo,,tstammirs8s@opensource.org,Male,31.163.165.45
318,Aylmer,Pedican,apedican8t@craigslist.org,Bigender,64.24.217.195
319,Clarie,Jack,cjack8u@wordpress.com,Female,101.216.67.252
320,Sunshine,,spawlyn8v@weather.com,Female,57.37.113.245
321,Rance,McGurgan,rmcgurgan8w@macromedia.com,Male,210.229.87.137
322,Mathew,Constanza,mconstanza8x@weebly.com,Male,178.127.20.14
323,Dex,Dyton,ddyton8y@abc.net.au,Male,
324,Reta,Rumbelow,rrumbelow8z@psu.edu,Female,17.139.10.91
325,Dara,Canacott,dcanacott90@about.com,Female,122.2.3.239
326,Bibbie,Sterland,bsterland91@dedecms.com,Female,55.214.153.148
327,Silvester,Krzysztofiak,skrzysztofiak92@so-net.ne.jp,Male,163.253.111.10
328,Silvanus,Bumpas,sbumpas93@tumblr.com,Male,
329,Meredith,Matityahu,mmatityahu94@taobao.com,Male,204.218.60.13
330,Kennie,Heberden,kheberden95@dedecms.com,Male,234.80.232.40
331,Nilson,Munns,nmunns96@about.com,Male,151.114.229.208
332,Field,Sollowaye,fsollowaye97@plala.or.jp,Male,251.20.6.216
333,Thekla,St. Louis,tstlouis98@google.es,Female,207.14.36.211
334,Aimee,Torbett,atorbett99@springer.com,Female,113.8.120.224
335,Burlie,Althorp,balthorp9a@alexa.com,Male,
336,Davita,,djaynes9b@hp.com,Female,42.67.21.124
337,Way,Johannesson,wjohannesson9c@buzzfeed.com,,88.104.71.60
338,Giana,Ducroe,gducroe9d@jalbum.net,Female,118.165.112.224
339,Leonidas,Dumelow,ldumelow9e@census.gov,Male,24.221.9.169
340,Panchito,Schouthede,pschouthede9f@edublogs.org,Male,137.255.206.247
341,Keven,Wadelin,kwadelin9g@meetup.com,Male,
342,Silvan,Santore,ssantore9h@xinhuanet.com,Male,151.56.211.71
343,Raphael,Manie,rmanie9i@addthis.com,Male,140.57.29.81
344,Marcus,Hauger,mhauger9j@icq.com,Male,
345,Sybilla,Glynn,sglynn9k@washingtonpost.com,Female,47.160.14.192
346,Mattias,Gear,mgear9l@goodreads.com,Male,52.148.137.190
347,Alfie,Tarquinio,atarquinio9m@posterous.com,Female,
348,Janka,Corringham,jcorringham9n@bloomberg.com,Polygender,130.229.214.141
349,Reinhold,Dietsche,rdietsche9o@yale.edu,Male,82.156.69.45
350,Ora,Pitceathly,opitceathly9p@google.nl,Female,209.46.208.103
351,Angie,Dillinger,adillinger9q@indiegogo.com,Male,120.234.133.215
352,Ferdinand,Maben,fmaben9r@yandex.ru,Male,65.188.48.92
353,Fannie,Oriel,foriel9s@deliciousdays.com,,143.33.234.70
354,,Grishenkov,ngrishenkov9t@phoca.cz,Male,18.73.71.222
355,Sibley,Copner,scopner9u@list-manage.com,Female,119.60.231.117
356,Fredericka,Windibank,fwindibank9v@privacy.gov.au,,53.191.68.130
357,Mel,Mauger,mmauger9w@wikimedia.org,,91.152.20.229
358,Deedee,Scopyn,dscopyn9x@mozilla.com,Female,229.88.110.212
359,Gleda,Lestor,glestor9y@yale.edu,Female,251.102.35.214
360,Caprice,Stonuary,cstonuary9z@dailymotion.com,,189.27.231.140
361,Oralia,Caverhill,ocaverhilla0@buzzfeed.com,Female,
362,Manny,Brend,mbrenda1@zdnet.com,Male,122.188.220.252
363,,Kock,nkocka2@discovery.com,Female,174.135.246.230
364,Trixie,Gullivent,tgulliventa3@ebay.co.uk,Female,229.146.49.88
365,Inez,Size,,,
366,Yolane,Peete,ypeetea5@mysql.com,Female,92.149.57.80
367,Justinian,Lewins,jlewinsa6@miibeian.gov.cn,Male,38.56.217.2
368,Lanette,Ivanyukov,livanyukova7@virginia.edu,Polygender,
369,Heida,Bengtsson,hbengtssona8@dyndns.org,,92.61.91.8
370,Mayor,Gheerhaert,mgheerhaerta9@shinystat.com,Male,161.192.46.66
371,Kenton,Brennenstuhl,kbrennenstuhlaa@princeton.edu,Male,15.155.31.58
372,Ariela,Senecaux,asenecauxab@apple.com,,84.23.218.22
373,Germaine,Lazenbury,glazenburyac@jiathis.com,Male,64.234.88.16
374,Lynea,Boram,lboramad@noaa.gov,Female,226.88.224.180
375,Rosalinde,Cuniffe,rcuniffeae@icq.com,Female,83.217.193.15
376,Dyanne,Wastell,dwastellaf@msu.edu,Female,154.214.242.110
377,Lissy,Statter,lstatterag@bandcamp.com,Female,92.69.21.9
378,Thoma,Dymick,tdymickah@ameblo.jp,Male,16.10.138.225
379,Ellwood,Grenshields,egrenshieldsai@tamu.edu,Male,184.118.5.14
380,Suzanna,Colnett,scolnettaj@blogtalkradio.com,Female,89.216.37.1
381,Beth,,bclunieak@walmart.com,Female,
382,Tedra,McNutt,tmcnuttal@guardian.co.uk,Female,55.145.172.26
383,Bernardine,Brocking,bbrockingam@epa.gov,,206.32.84.88
384,Rosaline,Horburgh,rhorburghan@i2i.jp,Female,110.193.203.255
385,Dorise,Kobpa,dkobpaao@hp.com,Female,231.13.49.28
386,Meyer,Antonsson,mantonssonap@ebay.co.uk,Male,1.55.113.234
387,Joelly,Danton,jdantonaq@tuttocitta.it,Female,199.93.193.37
388,Gaby,Echlin,gechlinar@accuweather.com,Male,187.74.64.214
389,Guthry,de Courcy,gdecourcyas@nba.com,Male,158.117.101.5
390,Mendie,Wigin,mwiginat@php.net,Male,35.95.114.118
391,,Belchem,jbelchemau@wsj.com,,
392,Gretta,Andryszczak,gandryszczakav@apple.com,Bigender,116.207.49.204
393,Wilt,Heckle,wheckleaw@cam.ac.uk,Agender,
394,,Hemeret,ghemeretax@seattletimes.com,Male,5.231.115.239
395,Salli,Ligerton,sligertonay@123-reg.co.uk,,98.144.181.177
396,Brittani,Eynon,,Female,163.193.146.48
397,Maribel,Blencoe,mblencoeb0@alexa.com,Female,74.108.53.124
398,Dalenna,,dlocktonb1@tamu.edu,Female,210.92.235.200
399,Olia,Phillins,ophillinsb2@altervista.org,Female,63.52.48.191
400,,Avey,,Female,26.4.216.34
401,Meade,Gorgl,mgorglb4@slashdot.org,Female,240.66.89.197
402,Nestor,Kunert,nkunertb5@paginegialle.it,Male,150.173.172.221
403,Eilis,Doulden,edouldenb6@jimdo.com,Female,174.127.29.130
404,Bennett,Skipping,bskippingb7@shareasale.com,Male,244.81.64.179
405,Winna,McPhater,,Female,
406,Evvy,End,eendb9@about.com,Female,246.243.173.80
407,Corbet,Haversum,chaversumba@yahoo.co.jp,Male,109.167.139.235
408,Doralynn,Bauckham,dbauckhambb@google.com,Female,
409,Sharla,Beaney,,Female,5.199.24.23
410,Giacopo,Growcock,ggrowcockbd@plala.or.jp,Male,248.60.222.191
411,Marc,Kuhndel,mkuhndelbe@loc.gov,Male,127.204.219.189
412,Maurizio,Dounbare,mdounbarebf@imdb.com,,241.81.82.16
413,Anny,Masarrat,amasarratbg@sohu.com,,92.198.98.90
414,Saundra,Challes,schallesbh@altervista.org,Male,128.180.106.246
415,,Spire,cspirebi@jalbum.net,Male,233.5.20.105
416,Adriano,Tonn,atonnbj@chronoengine.com,Male,33.14.47.210
417,Haroun,Gaskins,hgaskinsbk@businessinsider.com,Male,38.225.144.137
418,Muffin,Gregh,mgreghbl@cbc.ca,Female,150.188.40.149
419,Afton,Baskerfield,abaskerfieldbm@vistaprint.com,Female,74.103.41.176
420,Fleming,Teale,ftealebn@sohu.com,Male,
421,Roshelle,Rasp,rraspbo@abc.net.au,Bigender,86.228.72.101
422,Cherlyn,Wheatley,cwheatleybp@tamu.edu,Female,231.212.129.57
423,Kerianne,Scothern,,Female,228.233.89.227
424,Kerry,Hudson,khudsonbr@tmall.com,Female,32.29.44.230
425,Peadar,,pmccuaigbs@jigsy.com,Male,68.178.206.62
426,Dionisio,Agget,daggetbt@columbia.edu,Male,
427,Marja,Koschke,mkoschkebu@mozilla.com,Female,17.12.8.36
428,Kippy,Conelly,kconellybv@w3.org,Male,136.15.130.185
429,,Carvell,scarvellbw@weather.com,Male,140.76.150.151
430,,Pariss,bparissbx@zimbio.com,Female,42.141.251.148
431,Isobel,Hardeman,,Female,230.155.193.13
432,,Ardling,lardlingbz@sourceforge.net,Male,254.221.161.29
433,Rees,Bruty,rbrutyc0@dion.ne.jp,Male,150.230.127.62
434,Nickie,Heineke,nheinekec1@squidoo.com,Male,2.193.75.210
435,Hedvig,Fiddyment,hfiddymentc2@youtube.com,,221.244.94.43
436,Brnaba,,blarcherc3@addthis.com,Male,
437,Belicia,Hellsdon,bhellsdonc4@state.tx.us,Female,90.160.82.236
438,Louis,Taberner,ltabernerc5@newsvine.com,Male,143.116.202.230
439,Davin,Brearty,dbreartyc6@bravesites.com,Male,8.151.67.234
440,Daryn,Jendrach,djendrachc7@mozilla.com,Female,153.160.244.220
441,Nicky,Helling,nhellingc8@nhs.uk,,92.180.79.160
442,Charmane,Gerholz,cgerholzc9@scientificamerican.com,Female,222.236.244.84
443,Aurel,Lowy,alowyca@wp.com,Female,13.171.48.10
444,Flint,Turmel,fturmelcb@patch.com,Male,61.148.81.154
445,Winn,Inns,winnscc@elegantthemes.com,,246.104.255.0
446,Liam,Ayton,laytoncd@indiegogo.com,,63.103.149.48
447,Bordy,Salliere,,Male,73.129.244.168
448,Eugenio,Buttress,ebuttresscf@boston.com,Male,75.62.193.50
449,Kellen,Heenan,kheenancg@senate.gov,Male,88.27.105.22
450,Bryon,Jedrys,bjedrysch@scribd.com,Male,212.44.219.70
451,Fairlie,Berg,fbergci@opensource.org,Male,78.219.34.85
452,Trstram,Roskams,troskamscj@narod.ru,Male,147.2.67.32
453,Amity,Shoemark,ashoemarkck@senate.gov,Female,182.141.243.105
454,Glynda,,,Female,240.99.250.91
455,Dahlia,Cattle,dcattlecm@ca.gov,Female,232.27.52.40
456,Gavrielle,Balcombe,gbalcombecn@va.gov,Female,103.24.20.183
457,,Gatherer,,Female,84.88.67.0
458,Eachelle,Pavic,epaviccp@intel.com,Female,45.111.26.248
459,Weylin,Bettam,wbettamcq@cbsnews.com,Male,210.208.226.7
460,Casar,Grocock,cgrocockcr@xinhuanet.com,Male,57.203.182.67
461,Ronnie,Snookes,rsnookescs@berkeley.edu,Male,
462,Gabrila,Witherup,gwitherupct@baidu.com,Female,64.28.95.106
463,Justin,d' Eye,jdeyecu@livejournal.com,Male,225.88.2.212
464,Malva,Geerling,mgeerlingcv@buzzfeed.com,Bigender,154.81.203.0
465,Gerhardine,Crick,gcrickcw@tamu.edu,Female,60.234.210.222
466,Staci,Rosbottom,srosbottomcx@ucoz.com,Female,203.17.54.165
467,,Mapletoft,lmapletoftcy@ebay.co.uk,Male,165.44.210.181
468,Haven,Trenear,htrenearcz@unesco.org,Male,74.196.158.60
469,Nonna,Werrilow,nwerrilowd0@mail.ru,Female,67.177.209.10
470,Selle,Velden,sveldend1@mtv.com,Female,
471,Bud,Beaumont,bbeaumontd2@xinhuanet.com,Male,105.221.16.249
472,Jordan,Grishakin,jgrishakind3@mail.ru,Female,16.177.70.183
473,Zena,Bogey,zbogeyd4@discovery.com,Female,57.237.86.56
474,Claudia,Standell,cstandelld5@fotki.com,Bigender,68.3.193.207
475,Marjy,Creagh,mcreaghd6@ebay.com,Female,249.19.232.50
476,Kareem,Medcalf,,,206.139.94.144
477,,Dirand,gdirandd8@uiuc.edu,Male,230.25.210.52
478,Eberhard,Scarisbrick,escarisbrickd9@prlog.org,Male,165.165.72.179
479,Baryram,Crawley,bcrawleyda@chicagotribune.com,Agender,7.237.221.204
480,Merola,Bamell,mbamelldb@goodreads.com,,222.205.219.166
481,Eirena,Heckner,ehecknerdc@phpbb.com,Female,230.189.242.26
482,,Francais,cfrancaisdd@yahoo.co.jp,Non-binary,105.177.239.199
483,Jacenta,Duiged,jduigedde@alexa.com,Female,22.149.221.87
484,Henderson,Curteis,hcurteisdf@yellowbook.com,Male,31.138.251.202
485,Emiline,Millam,emillamdg@oaic.gov.au,Female,74.31.139.184
486,Nalani,Gambles,ngamblesdh@samsung.com,Female,119.235.71.239
487,Cahra,Sanford,csanforddi@hatena.ne.jp,Female,91.65.173.93
488,Lion,Oglethorpe,loglethorpedj@qq.com,Male,91.85.190.210
489,Tyrus,Cobby,tcobbydk@storify.com,Male,9.169.143.83
490,Shelby,Letford,sletforddl@parallels.com,Agender,28.54.166.192
491,Gunter,Reason,greasondm@ed.gov,Male,219.186.135.24
492,Claudell,Mordecai,cmordecaidn@storify.com,,47.211.253.170
493,Blondie,Blatchford,bblatchforddo@twitpic.com,Female,
494,Gerrard,Hail,ghaildp@rakuten.co.jp,,5.86.229.136
495,Ellerey,Dancy,edancydq@youtu.be,Male,134.162.247.76
496,Corbie,Bresnen,cbresnendr@cbsnews.com,,227.236.87.159
497,Ariana,Highton,ahightonds@ucla.edu,Polygender,193.48.39.20
498,Ludvig,Audrey,laudreydt@tinypic.com,Male,220.41.184.210
499,Derward,Gormley,dgormleydu@paypal.com,Male,80.112.89.132
500,Dina,Pointon,dpointondv@dailymail.co.uk,Female,255.58.168.220
501,Dunc,Miroy,dmiroydw@instagram.com,,198.130.228.74
502,Aylmar,Brasseur,abrasseurdx@123-reg.co.uk,Genderfluid,79.64.25.166
503,Netty,Cabera,ncaberady@columbia.edu,Female,103.58.113.135
504,Shaylyn,Huc,shucdz@posterous.com,Non-binary,52.159.200.202
505,Morgen,Hampe,mhampee0@amazon.co.jp,Female,132.58.224.140
506,Ardyce,O' Markey,aomarkeye1@ucoz.com,Female,61.114.214.243
507,,Ladbury,eladburye2@constantcontact.com,Male,110.65.97.122
508,Pearla,Steels,psteelse3@admin.ch,Female,54.49.40.2
509,Linell,Meldrum,lmeldrume4@webnode.com,Female,81.18.91.233
510,Charmain,Ridewood,cridewoode5@sfgate.com,Female,123.147.110.74
511,Karlyn,Barnhart,kbarnharte6@example.com,Female,106.91.254.172
512,Melli,Andres,mandrese7@list-manage.com,Female,178.23.67.90
513,Hercule,Dawidowitz,hdawidowitze8@biblegateway.com,Male,228.223.112.147
514,Bettye,Farn,bfarne9@gizmodo.com,Female,83.174.128.124
515,Zara,Lipsett,zlipsettea@usda.gov,Female,50.199.133.193
516,Maddi,Maulkin,mmaulkineb@google.de,Female,
517,Stanislaw,Ridwood,sridwoodec@answers.com,,242.64.45.184
518,Natala,Leedal,nleedaled@blogger.com,,67.45.205.34
519,Glori,Cicerone,gciceroneee@globo.com,Bigender,29.192.226.238
520,Clifford,Longford,clongfordef@chicagotribune.com,Male,125.3.59.102
521,Gay,Ashpole,gashpoleeg@privacy.gov.au,Male,152.152.88.215
522,Marco,Bourne,mbourneeh@reddit.com,Male,52.124.90.145
523,Granthem,Lademann,glademannei@histats.com,Male,7.231.28.152
524,Kitti,Fenne,kfenneej@dyndns.org,Female,169.152.225.241
525,Jarrett,Ranyard,jranyardek@sfgate.com,Male,240.30.76.51
526,Kyrstin,Matteini,,Female,9.26.126.168
527,Micky,Willingham,mwillinghamem@narod.ru,Male,103.63.17.51
528,Lock,Rudall,lrudallen@storify.com,Male,208.182.69.21
529,Theo,Yurevich,tyurevicheo@unicef.org,Male,190.57.157.199
530,Leda,Hamshaw,lhamshawep@prlog.org,Female,154.55.198.136
531,Jerrilyn,Mandres,jmandreseq@hexun.com,,206.39.220.39
532,Maurise,Neilly,mneillyer@tmall.com,Female,
533,Tiphany,McPhee,tmcpheees@ibm.com,Female,167.26.146.12
534,Caren,Hawke,chawkeet@theglobeandmail.com,Female,
535,Noam,Trollope,ntrollopeeu@storify.com,Male,233.106.57.121
536,Adelaide,Hawking,ahawkingev@infoseek.co.jp,Female,135.53.166.6
537,Collete,Faull,cfaullew@paginegialle.it,Female,131.216.166.109
538,Duky,Goward,dgowardex@pbs.org,Male,112.56.158.252
539,Byrann,Faulkener,bfaulkenerey@yolasite.com,Male,58.33.21.229
540,Kristos,Ilymanov,kilymanovez@phoca.cz,,
541,Sisile,Grenville,sgrenvillef0@ox.ac.uk,Female,70.222.44.90
542,Wright,Credland,wcredlandf1@cargocollective.com,,62.0.155.77
543,Durand,Dooland,ddoolandf2@intel.com,Male,88.82.71.170
544,Lind,Mintoft,lmintoftf3@whitehouse.gov,Female,188.120.156.57
545,,Akerman,pakermanf4@cpanel.net,Male,246.42.91.234
546,Jillana,Luttgert,jluttgertf5@oracle.com,Female,65.22.206.203
547,Stevy,Degenhardt,sdegenhardtf6@purevolume.com,Male,68.158.144.215
548,Claire,Kattenhorn,ckattenhornf7@bravesites.com,,
549,Tessa,Rowen,trowenf8@purevolume.com,Non-binary,153.61.81.32
550,Esdras,Corradi,ecorradif9@opera.com,Male,
551,Willy,Chiese,wchiesefa@dagondesign.com,Male,140.208.252.216
552,Ally,Attlee,aattleefb@kickstarter.com,Female,49.46.225.18
553,Gusti,Freeborn,gfreebornfc@alexa.com,Female,241.116.206.254
554,Denys,Frowde,dfrowdefd@pinterest.com,Male,171.49.146.155
555,Ailsun,Kerfoot,akerfootfe@state.tx.us,Female,89.54.80.99
556,Sinclare,Chidzoy,schidzoyff@who.int,Male,114.123.87.230
557,Lina,Greenhall,lgreenhallfg@sina.com.cn,Female,183.79.214.50
558,Augie,Murra,amurrafh@latimes.com,Male,150.235.79.108
559,Ted,Lindner,tlindnerfi@ucoz.com,Male,63.225.221.228
560,Merill,Rides,mridesfj@bigcartel.com,Male,13.137.172.142
561,Minny,Style,mstylefk@google.co.jp,Female,
562,Hubey,Upcott,hupcottfl@cbslocal.com,Male,138.116.11.138
563,Anette,Dunsford,adunsfordfm@qq.com,,159.125.163.2
564,Chrysler,Askwith,caskwithfn@sourceforge.net,,130.163.132.131
565,Wilhelmina,Jerrams,wjerramsfo@oaic.gov.au,Female,67.46.170.100
566,Sky,D'Adda,sdaddafp@elegantthemes.com,Male,62.67.64.158
567,Shelly,Peschka,speschkafq@sakura.ne.jp,Female,70.207.179.196
568,Vince,Grishmanov,vgrishmanovfr@cam.ac.uk,,34.173.211.93
569,Bartlet,Dumbell,,Male,112.130.75.99
570,Irene,Orme,iormeft@theatlantic.com,Female,217.173.122.25
571,Salmon,Landon,,Male,38.57.43.236
572,Ewan,O'Hagerty,eohagertyfv@lulu.com,Male,240.126.235.35
573,Budd,Boarder,bboarderfw@discuz.net,Male,155.223.39.198
574,Godfrey,Simonian,gsimonianfx@wufoo.com,Male,164.205.80.30
575,Noe,Bruff,nbrufffy@kickstarter.com,Male,108.72.92.132
576,Chan,McRoberts,cmcrobertsfz@jugem.jp,Male,242.185.30.231
577,Maximilianus,Aiers,maiersg0@phpbb.com,Male,164.171.216.220
578,Sheri,Aldous,,Female,185.174.74.214
579,Abner,Parry,aparryg2@blogs.com,Male,
580,Jabez,Cran,jcrang3@nba.com,Male,170.104.252.6
581,Virgina,Lethbridge,vlethbridgeg4@123-reg.co.uk,,199.67.193.42
582,Tadio,Lenin,tlening5@intel.com,Male,169.204.0.82
583,Ware,Giovanni,,Male,124.117.178.76
584,Arliene,Ianetti,aianettig7@theatlantic.com,Female,144.181.187.246
585,Ceciley,Gerin,cgering8@privacy.gov.au,Female,126.122.54.124
586,Beale,Light,blightg9@bing.com,Male,7.166.30.186
587,Heloise,Pumfrey,hpumfreyga@toplist.cz,Female,62.156.33.89
588,Tadd,Machin,,Male,114.20.8.129
589,Gustave,Jedrzejczyk,gjedrzejczykgc@artisteer.com,Male,120.69.32.71
590,Jehu,Biddell,jbiddellgd@unblog.fr,Male,6.70.249.147
591,Greta,Dunlea,gdunleage@abc.net.au,Female,225.40.160.130
592,Dunstan,Pedron,,Male,136.49.67.89
593,Caleb,Selbie,cselbiegg@csmonitor.com,Male,91.143.40.4
594,Pacorro,Muckleston,pmucklestongh@army.mil,Male,12.40.150.27
595,Chickie,Stenbridge,cstenbridgegi@nytimes.com,Male,36.115.67.137
596,Arlin,Toovey,atooveygj@technorati.com,Male,190.230.92.67
597,Granthem,Corzor,gcorzorgk@utexas.edu,Male,6.87.193.57
598,Berti,Stanyer,,Female,90.187.123.61
599,Matthaeus,Vala,mvalagm@berkeley.edu,Male,27.127.204.75
600,Dory,Menat,dmenatgn@harvard.edu,Male,105.56.243.208
601,,D'Emanuele,pdemanuelego@mysql.com,Female,207.68.185.196
602,Rafaela,,rtommisgp@census.gov,Female,114.219.193.48
603,Vanda,Stagge,vstaggegq@sciencedirect.com,Female,6.121.90.6
604,Mattie,Gauvin,mgauvingr@homestead.com,Female,213.179.80.170
605,Doralin,Feehan,dfeehangs@amazonaws.com,,106.60.59.79
606,Rusty,,rtredgergt@soup.io,Male,200.139.158.11
607,West,Cowlin,wcowlingu@qq.com,Male,130.231.2.58
608,Grethel,Whorlow,gwhorlowgv@shutterfly.com,Female,9.56.51.134
609,Conrad,Calderonello,ccalderonellogw@tumblr.com,Male,
610,Nance,Boldra,nboldragx@fc2.com,Female,
611,Gene,Kellett,gkellettgy@timesonline.co.uk,Female,94.120.18.62
612,Wilt,Whittlesee,wwhittleseegz@gov.uk,,
613,Uri,Bevis,ubevish0@vinaora.com,Male,255.79.202.56
614,Marsh,Margram,mmargramh1@themeforest.net,Male,67.150.72.239
615,Jaquelyn,Misken,jmiskenh2@nhs.uk,Female,
616,Ellwood,Craigg,ecraiggh3@nba.com,Male,74.53.47.161
617,Georgiana,Northern,gnorthernh4@cbc.ca,Female,116.203.236.4
618,Nina,Poles,npolesh5@tuttocitta.it,Female,220.251.90.102
619,Cthrine,Welland,cwellandh6@reference.com,Female,209.123.83.92
620,Elspeth,Morten,emortenh7@jimdo.com,Female,238.172.251.100
621,Vinnie,Fowlds,vfowldsh8@goodreads.com,Female,174.13.79.247
622,Nesta,Gregan,ngreganh9@imageshack.us,Female,202.180.57.159
623,Christiane,Bletsoe,cbletsoeha@theguardian.com,Genderqueer,33.144.139.216
624,,Sargeant,esargeanthb@webnode.com,,250.124.41.110
625,Tove,MacCoughan,tmaccoughanhc@phpbb.com,Female,129.111.175.226
626,Harrietta,Vynarde,hvynardehd@wikipedia.org,Female,233.112.109.241
627,Brady,Jefford,bjeffordhe@flickr.com,Male,168.156.132.200
628,Velma,Pallasch,vpallaschhf@networkadvertising.org,Female,233.181.19.243
629,Quincy,Morrow,qmorrowhg@state.gov,Male,
630,Martita,Beckinsall,mbeckinsallhh@utexas.edu,Genderqueer,123.179.33.81
631,Hurley,Wheaton,hwheatonhi@ustream.tv,Male,42.180.104.182
632,Korney,Metheringham,kmetheringhamhj@dropbox.com,Female,216.70.244.176
633,Fidel,Pettus,fpettushk@imageshack.us,Male,
634,Samara,Abbie,sabbiehl@census.gov,Female,79.177.87.94
635,Lia,John,,Female,
636,Koenraad,Draayer,kdraayerhn@123-reg.co.uk,Male,176.149.167.195
637,Jaquenetta,Landers,jlandersho@kickstarter.com,,43.75.86.246
638,Windham,Grancher,wgrancherhp@huffingtonpost.com,Male,59.237.175.231
639,Donaugh,Kirley,dkirleyhq@wix.com,Male,
640,Evvy,Pringer,epringerhr@facebook.com,Female,81.233.64.102
641,Ilyssa,Reynoollds,ireynoolldshs@fema.gov,Genderfluid,226.183.1.76
642,Lucille,Larham,,Female,76.92.173.19
643,Urson,Yeats,uyeatshu@cnn.com,Male,231.227.62.147
644,Luke,Harler,lharlerhv@livejournal.com,Male,90.243.119.109
645,Gawen,Hentzer,ghentzerhw@hao123.com,Male,54.159.214.147
646,Suzanna,Devers,sdevershx@apache.org,Female,
647,Clay,Whitrod,cwhitrodhy@washington.edu,Genderqueer,
648,Arlette,Tolworth,atolworthhz@harvard.edu,Genderqueer,115.89.8.136
649,Amanda,Neill,aneilli0@rakuten.co.jp,Female,147.138.217.165
650,Trudi,,tworboyi1@elegantthemes.com,Female,214.45.146.155
651,Kurt,Wickie,kwickiei2@mit.edu,Non-binary,150.185.68.212
652,Amber,Gittus,agittusi3@google.com.au,Female,14.216.7.94
653,Georg,Godbolt,ggodbolti4@dell.com,Male,234.104.137.19
654,Rosemarie,Mills,rmillsi5@homestead.com,Female,69.67.223.200
655,Kaspar,Cadge,kcadgei6@barnesandnoble.com,Male,146.72.156.241
656,Mikkel,Cheer,mcheeri7@marketwatch.com,Male,103.250.68.224
657,Cassius,Samuel,csamueli8@wunderground.com,Male,229.213.129.111
658,Dionne,Gutsell,dgutselli9@xing.com,Female,95.96.109.5
659,Theresita,Baxster,tbaxsteria@china.com.cn,Female,67.219.171.244
660,Mala,De Mattei,mdematteiib@cbsnews.com,Female,229.208.207.79
661,Isadore,Dudley,idudleyic@jalbum.net,Male,71.96.184.57
662,Lorelle,Jurasek,ljurasekid@php.net,Female,239.122.6.92
663,Charita,Wrinch,cwrinchie@istockphoto.com,Female,110.250.178.3
664,Mateo,Windas,mwindasif@sogou.com,Male,7.82.243.82
665,Lynn,Dodgson,ldodgsonig@wikispaces.com,Female,84.138.7.74
666,Elly,Wooldridge,ewooldridgeih@jimdo.com,Female,
667,Marilyn,Hurrion,mhurrionii@webmd.com,Female,250.179.82.82
668,Renard,Perkis,rperkisij@dailymail.co.uk,Male,160.242.177.75
669,Barrie,Gilman,bgilmanik@usatoday.com,Male,204.170.47.92
670,Melesa,Pareman,mparemanil@howstuffworks.com,Female,217.246.170.38
671,Desmund,Bartosek,dbartosekim@sun.com,Genderqueer,
672,Carmine,,cbonseyin@fema.gov,Male,2.69.160.110
673,Druci,Giannazzo,dgiannazzoio@technorati.com,Female,
674,Shanda,Kubiczek,skubiczekip@berkeley.edu,Female,
675,Othelia,Kembley,okembleyiq@sohu.com,Female,246.136.175.45
676,Jules,Gleeton,jgleetonir@lulu.com,Polygender,112.55.221.120
677,Iona,Males,imalesis@chron.com,Female,171.209.62.140
678,Richy,Hamnett,rhamnettit@deviantart.com,Male,
679,Marybelle,Noor,mnooriu@freewebs.com,Female,202.157.130.231
680,Roy,Conaghy,rconaghyiv@ucsd.edu,Male,228.102.239.224
681,Leigh,Gingedale,lgingedaleiw@oakley.com,Male,7.132.179.98
682,Johnnie,Fedoronko,jfedoronkoix@theglobeandmail.com,Genderfluid,242.32.17.244
683,Berry,Chafney,bchafneyiy@nih.gov,Female,22.63.215.204
684,Perry,Bettleson,pbettlesoniz@mozilla.com,Female,190.89.163.255
685,Bendick,Kondratowicz,,Male,188.23.106.247
686,Elset,Yuryshev,eyuryshevj1@reddit.com,Female,181.58.59.149
687,Lettie,Kenwrick,lkenwrickj2@amazon.com,Polygender,94.60.181.249
688,Shaina,Innocenti,sinnocentij3@google.com.hk,Female,70.40.12.222
689,Curt,McCrisken,cmccriskenj4@blogs.com,Non-binary,27.17.104.84
690,Kath,Lyptrade,klyptradej5@infoseek.co.jp,Female,30.191.113.233
691,Elora,Jimmison,ejimmisonj6@zimbio.com,Female,149.94.227.110
692,Fredericka,Godridge,fgodridgej7@globo.com,Female,
693,Krystalle,Chevins,kchevinsj8@free.fr,,
694,Dannie,Presnail,dpresnailj9@shutterfly.com,Female,175.171.167.247
695,Alexandrina,Emptage,aemptageja@yale.edu,Female,216.119.194.119
696,Armand,Bulley,abulleyjb@google.co.jp,Non-binary,37.211.103.110
697,Marc,Attenborrow,,Male,191.153.88.96
698,Viola,Pury,vpuryjd@shop-pro.jp,Female,164.68.254.179
699,Sherwynd,O'Brogan,sobroganje@dagondesign.com,Genderfluid,
700,Addy,Holywell,aholywelljf@dedecms.com,Male,210.181.68.188
701,Chicky,Lathy,clathyjg@so-net.ne.jp,Male,237.48.153.76
702,Page,Jobbins,pjobbinsjh@java.com,Female,110.112.235.203
703,Alexei,Oxley,aoxleyji@devhub.com,Male,105.177.19.235
704,Veronica,Wittering,vwitteringjj@intel.com,Female,88.53.80.102
705,Farrell,Sills,fsillsjk@businessweek.com,Male,57.185.146.226
706,Chadwick,Ellice,cellicejl@guardian.co.uk,,99.146.157.175
707,Ingrim,Chandler,ichandlerjm@upenn.edu,Male,45.242.20.227
708,Bertrando,Hentzeler,bhentzelerjn@rediff.com,,119.25.18.175
709,Tom,Ishak,tishakjo@dmoz.org,Male,
710,Claudina,Conner,cconnerjp@spiegel.de,Female,216.103.123.65
711,Matthaeus,Nolleth,mnollethjq@istockphoto.com,Male,173.21.229.201
712,Jameson,Gillett,jgillettjr@usa.gov,Male,139.219.12.99
713,Merlina,Brampton,mbramptonjs@canalblog.com,Female,22.193.70.243
714,Analiese,Dineen,adineenjt@google.pl,Female,161.178.43.112
715,Arden,Kinsett,,Female,189.154.166.154
716,Jourdain,Fishleigh,jfishleighjv@sphinn.com,Male,85.71.62.100
717,Casandra,Corrado,ccorradojw@addtoany.com,Non-binary,78.162.56.138
718,Roxana,Yacob,ryacobjx@scribd.com,Female,103.230.23.180
719,Tybi,Codrington,tcodringtonjy@tiny.cc,Female,159.168.164.16
720,Chris,Figliovanni,cfigliovannijz@reddit.com,Male,132.89.164.30
721,Kalie,Ariss,karissk0@seesaa.net,Non-binary,12.242.85.156
722,Stephi,McGregor,smcgregork1@arstechnica.com,,
723,Jackelyn,Garment,jgarmentk2@wikipedia.org,Female,214.105.208.156
724,Heather,Allison,hallisonk3@mediafire.com,Female,107.74.68.60
725,Delphine,Lockless,dlocklessk4@boston.com,Female,210.218.119.186
726,Andrea,Keilloh,akeillohk5@studiopress.com,Male,49.203.185.73
727,Dannie,Stoate,dstoatek6@ovh.net,Male,247.77.142.31
728,Ashlin,Conman,aconmank7@cam.ac.uk,Male,155.87.149.148
729,Marve,Wong,mwongk8@china.com.cn,Bigender,
730,Tarra,Verzey,tverzeyk9@clickbank.net,Female,86.70.70.211
731,Roxana,McKerley,rmckerleyka@usgs.gov,Female,145.148.174.217
732,Nadine,Raden,nradenkb@feedburner.com,Female,
733,Marcille,Dishman,,Female,250.38.179.0
734,Silva,Lilie,sliliekd@icio.us,Female,35.116.2.91
735,Bealle,,bkempstoneke@163.com,Male,27.47.222.188
736,Beth,Bizley,bbizleykf@tripadvisor.com,Female,39.53.79.72
737,Nannie,Ridsdale,nridsdalekg@berkeley.edu,Female,196.230.185.46
738,Ulberto,D'Oyly,udoylykh@multiply.com,Male,78.215.74.251
739,Heall,Warhurst,hwarhurstki@cargocollective.com,Male,131.189.127.27
740,Ignazio,Bourrel,ibourrelkj@tripod.com,Male,221.37.247.100
741,Lizzie,Belcham,lbelchamkk@google.nl,,32.37.222.80
742,Joleen,Izakof,jizakofkl@phoca.cz,Female,151.90.107.29
743,Curry,Hannaway,channawaykm@amazon.co.uk,Male,215.109.160.12
744,Pen,Branchett,pbranchettkn@npr.org,Male,111.33.182.26
745,Harwilll,Monkeman,hmonkemanko@tripod.com,Male,131.143.180.45
746,Edita,Tinsley,etinsleykp@yellowpages.com,Female,243.68.8.246
747,,Crauford,dcraufordkq@plala.or.jp,Male,129.67.65.34
748,Berthe,Pfaffe,bpfaffekr@pen.io,Female,39.178.80.178
749,Perl,Rimer,primerks@hud.gov,Agender,
750,Sigismundo,Paulmann,spaulmannkt@timesonline.co.uk,Male,113.216.62.238
751,Sherry,Pabel,spabelku@cdbaby.com,Female,122.255.215.127
752,Jaquenetta,Simmons,,Female,
753,Reggy,Weich,,Male,70.222.83.147
754,,Tweed,atweedkx@usa.gov,Male,129.31.173.111
755,Sidney,O'Brien,sobrienky@opensource.org,Male,15.21.101.64
756,Baron,Wellington,bwellingtonkz@tripod.com,Male,79.95.212.45
757,Evangelin,Hillburn,ehillburnl0@globo.com,Female,31.18.38.25
758,Alina,Gallihaulk,agallihaulkl1@alibaba.com,Female,196.62.34.35
759,Phaidra,Boules,pboulesl2@ehow.com,Female,125.144.77.82
760,Ettie,Bermingham,eberminghaml3@miibeian.gov.cn,,142.50.170.68
761,Eleen,Drage,edragel4@about.com,Polygender,110.245.244.55
762,Zitella,Maffei,zmaffeil5@boston.com,Female,41.186.21.17
763,Stacie,Maylard,smaylardl6@cdc.gov,Bigender,254.113.161.215
764,Erna,Tunnick,etunnickl7@gov.uk,Female,15.70.125.180
765,Kamila,Leacock,kleacockl8@time.com,Female,207.162.25.82
766,Giorgia,Gwilt,ggwiltl9@de.vu,,78.223.236.175
767,Alexis,Huskisson,ahuskissonla@virginia.edu,,
768,Emile,Lowdyane,elowdyanelb@freewebs.com,,51.188.168.215
769,Hilly,McCrystal,hmccrystallc@issuu.com,Male,157.137.160.175
770,Marabel,Freke,mfrekeld@youtu.be,Female,205.111.152.32
771,Amos,Waymont,awaymontle@t.co,Male,
772,Rainer,Jessope,rjessopelf@wsj.com,Male,193.97.107.118
773,Cad,Urien,,Male,74.109.27.49
774,Candra,Goddman,cgoddmanlh@census.gov,Female,55.69.208.170
775,Jamey,Artiss,jartissli@bluehost.com,Male,15.33.31.37
776,Caye,Puckett,cpuckettlj@alexa.com,Female,169.131.62.188
777,Joey,Bartunek,jbartuneklk@msn.com,Female,205.181.97.130
778,Hildagarde,Bartleman,hbartlemanll@globo.com,Female,157.165.65.94
779,Candide,Posselow,cposselowlm@indiatimes.com,Female,36.119.171.57
780,Axel,Lavigne,,Male,46.232.104.99
781,Kelcie,Moynihan,kmoynihanlo@sina.com.cn,Female,86.191.32.207
782,Sibel,Scimone,sscimonelp@etsy.com,Female,236.120.42.255
783,Fredrick,,,Male,222.131.128.122
784,Giulietta,Jickells,gjickellslr@discovery.com,,
785,Khalil,Shoorbrooke,kshoorbrookels@uol.com.br,Male,169.254.229.97
786,Claresta,Blackie,cblackielt@vk.com,Female,100.207.30.197
787,Lulita,Delacote,ldelacotelu@smh.com.au,Female,90.173.41.125
788,Rolph,,rstqueintainlv@dot.gov,Male,185.209.150.189
789,Bonita,Pucknell,bpucknelllw@slate.com,Female,17.30.127.252
790,Edith,Denisard,,Female,78.231.38.32
791,Howey,Anderton,handertonly@usa.gov,Male,205.139.16.108
792,Thornie,Jalland,tjallandlz@moonfruit.com,Male,100.244.105.174
793,Shurlocke,Gatenby,sgatenbym0@vk.com,Male,25.101.208.207
794,Floris,O'Cannan,focannanm1@xinhuanet.com,Female,47.213.193.99
795,Lanie,Bruckshaw,lbruckshawm2@msu.edu,Agender,14.217.87.94
796,Cordelia,Menary,cmenarym3@dell.com,Female,37.248.100.13
797,Gearard,Rabbet,grabbetm4@army.mil,Polygender,25.156.181.23
798,Garrek,Abbison,,Genderfluid,148.90.69.61
799,Haydon,Smaling,hsmalingm6@senate.gov,Male,108.14.4.183
800,Candie,Betteridge,cbetteridgem7@salon.com,Female,212.47.95.95
801,Gina,MacGraith,gmacgraithm8@google.ca,Genderqueer,53.48.204.78
802,Debi,Philipart,dphilipartm9@washingtonpost.com,Female,
803,Annabelle,Cricket,acricketma@who.int,Female,244.63.144.139
804,Kerrie,Marks,kmarksmb@geocities.jp,,195.18.70.36
805,Larina,Proschek,lproschekmc@dropbox.com,Female,
806,Regan,Gethyn,rgethynmd@ask.com,Female,195.219.54.21
807,Ursula,Valerio,uvaleriome@ning.com,Female,
808,Beilul,Pickford,bpickfordmf@ehow.com,Female,126.169.186.140
809,Vaughn,Yerby,vyerbymg@auda.org.au,Bigender,247.71.118.126
810,Henderson,,,Male,
811,Karoline,Fendlow,kfendlowmi@wikimedia.org,Female,87.86.67.154
812,Jeramey,Ladon,jladonmj@upenn.edu,Male,74.179.236.133
813,Wiatt,Jillitt,wjillittmk@reverbnation.com,Male,203.50.12.47
814,Yancy,,ycyplesml@lycos.com,Male,228.41.138.145
815,Rhona,Yurevich,ryurevichmm@redcross.org,Female,47.195.119.10
816,Arlee,Cleft,acleftmn@sakura.ne.jp,Female,24.85.179.107
817,Amandi,Bye,abyemo@cmu.edu,Non-binary,
818,Shari,MacCawley,smaccawleymp@va.gov,Female,200.37.113.36
819,Everard,Mechell,emechellmq@blogtalkradio.com,Male,199.52.58.55
820,Julianna,Guerola,jguerolamr@statcounter.com,Female,
821,Karil,Sacchetti,ksacchettims@mtv.com,Female,93.218.19.162
822,Rodolfo,Bruty,rbrutymt@wp.com,Male,69.67.206.76
823,Danila,,dpomerymu@ning.com,,8.38.141.9
824,Quill,Blencoe,qblencoemv@multiply.com,Male,75.132.241.230
825,Evyn,Goreisr,egoreisrmw@sciencedaily.com,Male,130.157.0.217
826,Joell,Trengrove,jtrengrovemx@msu.edu,Female,5.89.62.242
827,Ash,Peinton,apeintonmy@google.cn,Male,68.179.123.39
828,Dennison,Sidnall,dsidnallmz@blinklist.com,Male,64.220.94.51
829,Daffie,Stede,dsteden0@dion.ne.jp,Female,
830,Kendell,McMenemy,kmcmenemyn1@shinystat.com,Male,208.80.242.164
831,Domeniga,Havelin,dhavelinn2@wisc.edu,Genderqueer,255.98.240.181
832,Duffie,Pelman,dpelmann3@dailymail.co.uk,Male,69.60.74.109
833,Jerad,Ginsie,jginsien4@flickr.com,Male,118.111.237.66
834,Darbee,Barwack,dbarwackn5@opera.com,Male,49.173.210.141
835,Mayne,Skoggins,mskogginsn6@list-manage.com,,163.28.215.132
836,Aggi,Collabine,acollabinen7@amazon.co.uk,Female,
837,Rudolph,Coultas,rcoultasn8@reference.com,Male,130.16.27.233
838,Berenice,Sutlieff,,Female,
839,Pierre,Hazeley,phazeleyna@nba.com,Male,82.59.134.194
840,Darla,Pycock,dpycocknb@miitbeian.gov.cn,Female,2.255.188.218
841,,Spencook,pspencooknc@buzzfeed.com,Male,172.238.48.91
842,Nicky,Sockell,nsockellnd@google.com.au,Male,120.23.2.54
843,Peggi,Bridie,pbridiene@latimes.com,Female,
844,Shanon,Gillcrist,sgillcristnf@boston.com,Agender,207.23.47.180
845,,Robbel,arobbelng@techcrunch.com,Non-binary,
846,Ambros,Revill,arevillnh@google.ru,Male,100.159.120.163
847,Davidde,Yandle,dyandleni@exblog.jp,Male,48.34.7.55
848,Clyde,Garett,,,123.143.44.196
849,Barnard,Anersen,banersennk@slideshare.net,Male,
850,Caressa,Jankiewicz,cjankiewicznl@ox.ac.uk,Female,252.187.187.217
851,Alecia,Kemer,akemernm@myspace.com,,225.188.171.234
852,Odo,Zanneli,ozannelinn@slideshare.net,Male,54.51.6.37
853,Mathew,Nise,mniseno@weather.com,Male,177.61.158.39
854,Quintin,Favel,qfavelnp@comsenz.com,Male,84.29.83.149
855,Anna,Bemlott,abemlottnq@illinois.edu,Female,41.113.62.49
856,Linoel,Crosio,lcrosionr@unicef.org,,43.158.131.51
857,Quint,Lurcock,qlurcockns@latimes.com,Male,251.145.127.16
858,Chrysa,Muzzlewhite,cmuzzlewhitent@ucoz.ru,Female,
859,Brett,Vivians,bviviansnu@domainmarket.com,Male,234.107.233.20
860,Iolande,Kalberer,ikalberernv@jugem.jp,Female,133.2.104.107
861,Arther,Belitz,abelitznw@rediff.com,,162.26.104.157
862,Chrystel,McKeeman,cmckeemannx@apple.com,Female,119.56.194.126
863,Bartram,Balazin,bbalazinny@tumblr.com,Male,133.247.200.107
864,Aldo,D' Angelo,adangelonz@indiatimes.com,Male,241.15.155.113
865,Olin,Baudon,obaudono0@state.tx.us,Male,99.82.194.131
866,Keene,Dearlove,kdearloveo1@cmu.edu,,135.243.130.10
867,,Strasse,mstrasseo2@ebay.co.uk,Female,
868,Roderich,Widd,rwiddo3@lulu.com,Male,125.176.147.111
869,Rochelle,Stelfax,,Agender,215.37.13.146
870,Haslett,Ithell,hithello5@kickstarter.com,Male,90.212.147.247
871,Fonz,Townsend,ftownsendo6@freewebs.com,Genderfluid,7.187.17.44
872,Issy,Parkeson,iparkesono7@cnn.com,Female,
873,Goddard,McGiven,gmcgiveno8@constantcontact.com,Male,13.234.126.7
874,Terrance,Inston,tinstono9@lycos.com,Male,227.66.190.231
875,Emilee,Woollhead,,Female,238.152.43.160
876,Tersina,Ellerker,tellerkerob@cdc.gov,,26.29.203.143
877,Nananne,Linzey,,Female,113.32.152.96
878,Nanny,De Freyne,ndefreyneod@csmonitor.com,Female,101.241.50.176
879,Rosaline,Rosel,rroseloe@usnews.com,Female,229.180.74.9
880,Kristel,Owttrim,kowttrimof@digg.com,Female,62.7.222.192
881,,Phalp,ephalpog@reference.com,Male,
882,Erastus,Rookeby,erookebyoh@java.com,Male,63.120.168.62
883,Cindra,Cuddehy,ccuddehyoi@gnu.org,Female,92.84.44.114
884,Kain,Greenless,kgreenlessoj@paginegialle.it,Male,156.144.162.139
885,Benedetto,Arkow,barkowok@zdnet.com,Male,
886,Anastasia,Domelow,adomelowol@archive.org,,51.25.70.114
887,Mano,Neild,mneildom@ibm.com,Male,237.23.33.203
888,Phyllida,Shearman,pshearmanon@shop-pro.jp,,
889,Ax,Ferencowicz,aferencowiczoo@nifty.com,Male,
890,Britni,,bsedgeworthop@nydailynews.com,Female,34.64.138.154
891,Cassie,Taree,ctareeoq@acquirethisname.com,Male,55.65.44.117
892,Clementine,Wonham,cwonhamor@4shared.com,Female,152.3.137.13
893,Addison,Chantree,achantreeos@admin.ch,Male,203.21.181.159
894,Earle,Crosher,ecrosherot@icio.us,Male,222.188.165.149
895,Juliet,FitzGilbert,jfitzgilbertou@blog.com,,
896,Eden,Emms,eemmsov@umn.edu,Female,50.155.124.105
897,Addison,Rowth,arowthow@youtu.be,Male,8.160.247.157
898,Michel,Andreutti,mandreuttiox@google.com.au,Female,184.66.21.36
899,Gerianna,D'Alesco,gdalescooy@blogspot.com,Female,36.178.118.54
900,Lucia,Reynoldson,lreynoldsonoz@gmpg.org,Female,190.91.8.53
901,Gran,Ramos,,Male,83.23.216.109
902,Bruis,Latehouse,blatehousep1@vinaora.com,Male,180.157.69.171
903,,Giercke,rgierckep2@economist.com,Male,
904,Evania,Penrose,epenrosep3@ebay.com,Female,25.137.233.17
905,Bethena,Slayton,bslaytonp4@live.com,Female,116.183.24.95
906,Ashla,Sherborne,asherbornep5@unesco.org,Agender,174.125.140.98
907,Yancy,McGhee,ymcgheep6@shutterfly.com,Male,216.178.187.85
908,Pippa,Codman,pcodmanp7@live.com,Female,129.226.6.56
909,Carling,Swalwel,,Male,144.215.62.165
910,Arlene,,agraftonp9@sourceforge.net,Female,156.135.132.96
911,Silvana,Spargo,sspargopa@hatena.ne.jp,Female,233.254.36.71
912,Mella,Varney,mvarneypb@constantcontact.com,Bigender,49.245.98.6
913,Tito,Tomasino,ttomasinopc@ameblo.jp,Male,242.170.78.131
914,Bjorn,Longbothom,blongbothompd@ow.ly,Male,70.31.12.26
915,Bernhard,Hearnden,bhearndenpe@who.int,,88.56.188.167
916,Giuseppe,Althrop,galthroppf@indiegogo.com,Male,28.177.203.128
917,Frants,Boldock,fboldockpg@aboutads.info,Male,
918,Manny,Maddrah,mmaddrahph@columbia.edu,,154.212.52.95
919,Melly,Ollenbuttel,mollenbuttelpi@hc360.com,Female,159.82.185.22
920,Vernen,,vfearfullpj@posterous.com,Male,235.230.80.0
921,Clay,Colvie,ccolviepk@taobao.com,Male,217.114.119.53
922,Wendall,MacDonough,wmacdonoughpl@mtv.com,Male,243.136.184.1
923,Annabelle,Isaq,aisaqpm@ycombinator.com,Female,64.134.247.245
924,Hanna,Goodband,hgoodbandpn@ucoz.ru,Female,91.199.151.21
925,Torey,Dubery,tduberypo@fc2.com,Genderfluid,85.129.209.23
926,Annamarie,Kloster,aklosterpp@jiathis.com,Female,9.222.193.38
927,Wake,Barth,wbarthpq@spiegel.de,,66.211.115.255
928,Mark,Gownge,,Male,122.196.124.231
929,Fedora,Caneo,fcaneops@intel.com,Female,243.107.150.237
930,Zorana,Blenkinship,zblenkinshippt@gizmodo.com,Female,202.51.59.77
931,Jolee,Glaves,jglavespu@usda.gov,Female,179.33.208.26
932,Daveta,,dguilletonpv@over-blog.com,Female,150.139.147.13
933,Laird,Innman,linnmanpw@ibm.com,Male,
934,Kerwin,Bithell,kbithellpx@stanford.edu,Agender,203.109.165.31
935,Mic,Stowe,mstowepy@mac.com,Male,253.221.9.47
936,Mersey,Andreev,mandreevpz@livejournal.com,Female,178.102.249.72
937,Kore,Baddoe,kbaddoeq0@gnu.org,Female,20.10.53.92
938,Orren,Gurr,ogurrq1@usa.gov,Male,93.195.219.220
939,Betsy,Baynard,bbaynardq2@imgur.com,Female,1.171.240.167
940,Walt,Stears,,Male,197.18.217.7
941,Huntlee,Taffarello,,Male,222.55.173.11
942,Derron,Ash,dashq5@dot.gov,Non-binary,
943,Gwynne,Somerbell,gsomerbellq6@ca.gov,Female,227.197.238.183
944,Tanner,Bittlestone,tbittlestoneq7@mac.com,Male,12.100.153.205
945,Putnam,Wylie,pwylieq8@nbcnews.com,Male,142.132.181.190
946,Zaria,Minget,zmingetq9@seattletimes.com,Female,77.197.243.225
947,Katharine,Vankin,kvankinqa@nasa.gov,,228.129.74.37
948,Shepperd,Partener,spartenerqb@gnu.org,Male,30.184.158.204
949,Garik,Merioth,gmeriothqc@gravatar.com,Male,218.32.11.49
950,Rafferty,Gwalter,rgwalterqd@webeden.co.uk,Bigender,219.35.168.248
951,Elisa,Furnival,efurnivalqe@nytimes.com,Non-binary,254.37.161.51
952,Kiri,Faier,kfaierqf@yale.edu,Female,84.225.76.77
953,Luisa,Ilchenko,lilchenkoqg@icio.us,,206.155.156.9
954,Alyosha,Covely,acovelyqh@51.la,Male,
955,Dacia,Wyleman,dwylemanqi@uiuc.edu,Female,233.79.189.253
956,Fred,Lascell,flascellqj@phpbb.com,,212.41.255.90
957,Tallie,Stango,tstangoqk@chicagotribune.com,Male,103.83.207.172
958,,Adrien,oadrienql@wikispaces.com,Male,118.225.252.99
959,Michel,Bullar,mbullarqm@vimeo.com,Female,192.68.107.6
960,Larina,Lethbridge,llethbridgeqn@dropbox.com,Female,253.249.62.26
961,Mady,Batho,mbathoqo@skype.com,Female,42.222.165.112
962,Lita,Marchiso,lmarchisoqp@icio.us,Female,10.217.231.156
963,Michel,Pardoe,,Female,92.144.142.42
964,Wendall,Weild,wweildqr@wufoo.com,Male,35.57.118.103
965,,Blakiston,lblakistonqs@squidoo.com,Genderqueer,126.182.90.21
966,Gay,Cakes,gcakesqt@google.fr,Female,
967,Pierre,Cowperthwaite,pcowperthwaitequ@columbia.edu,Male,121.3.168.29
968,Donal,Boecke,dboeckeqv@auda.org.au,Male,60.153.241.50
969,Benedicta,Tremoulet,btremouletqw@utexas.edu,,214.97.87.34
970,Maisie,Bareford,mbarefordqx@creativecommons.org,Female,16.225.148.42
971,,Lancaster,clancasterqy@theatlantic.com,Female,191.65.39.248
972,Griffith,Avramovsky,gavramovskyqz@china.com.cn,Male,54.188.140.149
973,Bryce,Kleiser,bkleiserr0@senate.gov,Male,196.71.55.149
974,Kincaid,Gierek,kgierekr1@vinaora.com,Male,129.30.37.29
975,Sutton,Pinwell,spinwellr2@princeton.edu,Male,92.72.101.62
976,Christoph,Pardew,cpardewr3@va.gov,,204.160.151.210
977,Antonella,Thiese,athieser4@utexas.edu,Female,87.165.133.27
978,Burtie,Mundow,bmundowr5@imgur.com,Male,135.191.196.126
979,Biron,MacFadden,bmacfaddenr6@addtoany.com,Male,25.187.28.41
980,Alberta,Yousef,ayousefr7@infoseek.co.jp,Female,
981,Winifield,Blague,wblaguer8@howstuffworks.com,Male,97.193.22.2
982,Trace,Daffey,tdaffeyr9@google.co.jp,Male,197.243.24.32
983,Huntlee,Thinn,hthinnra@pbs.org,Male,27.205.40.117
984,Emmit,Hakey,,Male,47.4.208.28
985,Cris,Burberry,cburberryrc@slashdot.org,Non-binary,185.9.171.178
986,Shaw,Yanyushkin,syanyushkinrd@nymag.com,Male,84.227.56.178
987,Joseph,Larter,jlarterre@dailymotion.com,Male,67.68.133.235
988,Wolfie,Rushman,wrushmanrf@wordpress.org,Male,159.60.250.139
989,Darbie,Stevens,dstevensrg@behance.net,Female,83.117.213.230
990,Brandon,Towsie,btowsierh@last.fm,Male,33.212.95.69
991,Hastings,MacLachlan,hmaclachlanri@xrea.com,Male,180.135.244.148
992,Duncan,Yegorkov,dyegorkovrj@rediff.com,Male,105.19.222.36
993,Farlee,Gostridge,fgostridgerk@comcast.net,Male,
994,Terri,Eacle,teaclerl@unc.edu,Male,73.18.225.153
995,Royal,Feldharker,rfeldharkerrm@forbes.com,Male,158.132.156.137
996,Paton,Davitti,pdavittirn@bluehost.com,Male,
997,Tabor,Inwood,tinwoodro@google.ca,Agender,114.136.228.158
998,Elmo,Lentsch,elentschrp@amazonaws.com,Male,2.40.145.40
999,Wolf,McEntagart,wmcentagartrq@bizjournals.com,,124.242.130.30
1000,Evangeline,Cavil,ecavilrr@weebly.com,Non-binary,29.180.25.66
